0.020004,968,160,944,956,961,957,951,914
0.030012,968,160,944,956,961,958,951,914
0.04002,968,160,944,956,961,958,951,914
0.050024,968,160,944,956,961,957,952,914
0.060028,968,160,944,956,961,957,952,914
0.07004,968,160,944,956,961,957,951,914
0.080044,968,160,944,956,961,957,951,914
0.090056,968,160,944,956,961,958,951,914
0.10007,968,160,944,956,961,957,951,914
0.11008,968,160,944,956,961,957,951,914
0.1201,968,160,944,956,961,957,951,914
0.1301,968,160,944,956,961,957,951,914
0.14011,968,160,944,956,961,957,951,914
0.15012,968,160,944,956,961,958,951,914
0.16013,968,160,944,956,961,958,951,914
0.17014,968,160,944,956,961,958,951,914
0.18016,968,160,944,956,961,957,951,915
0.19017,968,160,944,956,961,957,952,915
0.20018,968,160,944,956,961,957,951,915
0.21019,968,160,944,956,961,958,951,915
0.2202,968,160,944,956,961,957,952,914
0.2302,968,160,944,956,961,957,951,914
0.24022,968,160,944,956,961,957,952,914
0.25023,968,160,944,956,961,957,952,914
0.26023,968,160,944,956,961,957,952,914
0.27025,968,160,944,956,961,957,951,914
0.28025,968,160,944,956,961,957,951,914
0.29027,968,160,944,956,961,957,952,914
0.30027,968,160,944,956,961,958,952,914
0.31029,968,160,944,956,961,957,951,914
0.32029,968,160,944,956,961,957,951,914
0.33031,968,160,944,956,961,958,952,914
0.34031,968,160,944,956,961,957,952,914
0.35033,968,160,944,956,961,957,952,914
0.36033,968,160,944,956,961,957,951,914
0.37035,968,160,944,956,961,958,952,914
0.38035,968,160,944,956,961,957,951,914
0.39037,968,160,944,956,961,958,952,914
0.40037,968,160,944,956,961,958,951,915
0.41039,968,160,944,956,961,957,952,915
0.42039,968,160,944,956,961,957,951,915
0.43041,968,160,944,956,961,958,952,915
0.44041,968,160,944,956,961,957,952,915
0.45043,968,160,944,956,961,957,952,915
0.46043,968,160,944,956,961,957,952,915
0.47045,968,160,944,956,961,957,952,915
0.48045,968,160,944,956,961,957,951,915
0.49047,968,160,944,956,961,958,952,915
0.50048,968,160,944,956,961,957,952,915
0.51049,968,160,944,956,961,958,952,915
0.52051,968,160,944,956,961,957,951,915
0.53052,968,160,944,956,961,957,951,914
0.54053,968,160,944,956,961,957,951,914
0.55055,968,160,944,956,961,958,951,914
0.56056,968,160,944,956,961,957,951,914
0.57058,968,160,944,956,961,957,952,914
0.5806,968,160,944,956,961,958,951,914
0.59061,968,160,944,956,961,957,951,914
0.60063,968,160,944,956,961,957,951,914
0.61064,968,160,944,956,961,958,951,914
0.62066,968,160,944,956,961,957,951,914
0.63066,968,160,944,956,961,957,951,914
0.64068,968,160,944,956,961,957,951,914
0.6507,968,160,944,956,961,958,952,915
0.66071,968,160,944,956,961,957,952,915
0.67072,968,160,944,956,961,958,952,915
0.68073,968,160,944,956,961,958,951,915
0.69075,968,160,944,956,961,957,951,915
0.70075,968,160,944,956,961,958,951,915
0.71077,968,160,944,956,961,957,951,915
0.72078,968,160,944,956,961,958,951,915
0.7308,968,160,944,956,961,958,951,915
0.74081,968,160,944,956,961,957,952,915
0.75083,968,160,944,956,961,957,951,915
0.76084,968,160,944,956,961,957,952,915
0.77086,968,160,944,956,961,957,952,915
0.78088,968,160,944,956,961,957,951,915
0.79089,968,160,944,956,961,958,952,915
0.8009,968,160,944,956,961,957,951,915
0.81091,968,160,944,956,961,957,951,915
0.82093,968,160,944,956,961,957,952,915
0.83094,968,160,944,956,961,958,952,915
0.84096,968,160,944,956,961,957,952,915
0.85098,968,160,944,956,961,958,951,915
0.86098,968,160,944,956,961,957,951,915
0.871,968,160,944,956,961,957,951,915
0.88101,968,160,944,956,961,958,951,915
0.89103,968,160,944,956,961,958,952,915
0.90104,968,160,944,956,961,957,951,915
0.91104,968,160,944,956,961,957,952,915
0.92106,968,160,944,956,961,958,951,915
0.93107,968,160,944,956,961,957,952,915
0.94109,968,160,944,956,961,957,952,915
0.9511,968,160,944,956,961,957,951,915
0.96111,968,160,944,956,961,957,952,915
0.97112,968,160,944,956,961,958,952,915
0.98113,968,160,944,956,961,957,951,915
0.99114,968,160,944,956,961,957,951,915
1.0012,968,160,944,956,961,957,952,915
1.0112,968,160,944,956,961,958,951,915
1.0212,968,160,944,956,961,957,952,915
1.0312,968,160,944,956,961,958,951,915
1.0412,968,160,944,956,961,958,952,915
1.0512,968,160,944,956,961,958,951,915
1.0612,968,160,944,956,961,957,952,915
1.0713,968,160,944,956,961,957,952,915
1.0813,968,160,944,956,961,958,952,915
1.0913,968,160,944,956,961,957,952,915
1.1013,968,160,944,956,961,958,952,915
1.1113,968,160,944,956,961,958,952,915
1.1213,969,160,944,956,961,957,952,915
1.1314,969,160,944,956,961,958,952,915
1.1414,968,160,944,956,961,958,952,915
1.1514,969,160,944,956,961,958,952,915
1.1614,968,160,944,956,961,957,952,915
1.1714,969,160,944,956,961,957,952,915
1.1814,969,160,944,956,961,957,952,915
1.1914,969,160,944,956,961,958,951,915
1.2014,969,160,944,956,961,958,951,915
1.2115,969,160,944,956,961,958,952,915
1.2215,969,160,944,956,961,958,952,915
1.2315,968,160,944,956,961,957,952,915
1.2415,968,160,944,956,961,957,952,915
1.2515,968,160,944,956,961,958,951,915
1.2615,968,160,944,956,961,957,952,915
1.2716,968,160,944,956,961,958,952,915
1.2816,968,160,944,956,961,957,952,915
1.2916,968,160,944,956,961,958,952,915
1.3016,968,160,944,956,961,958,952,915
1.3116,968,160,944,956,961,958,952,915
1.3216,968,160,944,956,961,957,952,915
1.3317,968,160,944,956,961,958,952,915
1.3417,968,160,944,956,961,957,952,915
1.3517,968,160,944,956,961,958,952,915
1.3617,968,160,944,956,961,958,952,915
1.3717,968,160,944,956,961,958,952,916
1.3817,968,160,944,956,961,957,952,916
1.3917,968,160,944,956,961,958,952,916
1.4017,968,160,944,956,961,957,952,916
1.4118,968,160,944,956,961,958,952,916
1.4218,968,160,944,956,961,957,952,916
1.4318,968,160,944,956,961,958,952,916
1.4418,968,160,944,956,961,958,952,916
1.4518,968,160,944,956,961,958,952,916
1.4618,968,160,944,956,961,957,952,916
1.4719,968,160,944,956,961,958,952,916
1.4819,968,160,944,956,961,957,952,915
1.4919,968,160,944,956,961,958,952,915
1.5019,968,160,944,956,961,958,952,915
1.5119,969,160,944,956,961,957,951,915
1.5219,969,160,944,956,961,958,952,915
1.5319,969,160,944,956,961,958,952,915
1.542,969,160,944,956,961,957,952,915
1.552,969,160,944,956,961,957,952,916
1.562,968,160,944,956,961,958,951,916
1.572,968,160,944,956,961,958,952,916
1.582,968,160,944,956,961,958,952,916
1.592,968,160,944,956,961,958,952,916
1.6021,969,160,944,956,961,957,952,916
1.6121,969,160,944,956,961,958,952,916
1.6221,968,160,944,956,961,958,952,916
1.6321,968,160,944,956,961,958,951,916
1.6421,968,160,944,956,961,958,952,916
1.6521,968,160,944,956,961,958,952,916
1.6622,968,160,944,956,961,958,951,916
1.6722,969,160,944,956,961,958,952,916
1.6822,969,160,944,956,961,958,952,916
1.6922,968,160,944,956,961,957,952,916
1.7022,968,160,944,956,961,958,952,916
1.7122,968,160,944,956,961,958,952,916
1.7222,968,160,944,956,961,958,952,916
1.7322,968,160,944,956,961,958,952,916
1.7423,968,160,944,956,961,958,952,916
1.7523,968,160,944,956,961,957,952,916
1.7623,968,160,944,956,961,957,952,916
1.7723,968,160,944,956,961,957,952,916
1.7823,968,160,944,956,961,958,952,916
1.7923,968,160,944,956,961,957,952,916
1.8024,968,160,944,956,961,958,952,916
1.8124,968,160,944,956,961,957,952,916
1.8224,968,160,944,956,961,958,952,916
1.8324,968,160,944,956,961,957,951,916
1.8424,968,160,944,956,961,958,951,916
1.8524,968,160,944,956,961,958,952,916
1.8625,968,160,944,956,961,957,952,915
1.8725,968,160,944,956,961,957,952,915
1.8825,968,160,944,956,961,958,951,915
1.8925,968,160,944,956,961,958,951,916
1.9025,968,160,944,956,961,958,952,915
1.9125,968,160,944,956,961,958,952,915
1.9225,968,160,944,956,961,957,952,916
1.9325,968,160,944,956,961,958,951,916
1.9425,968,160,944,956,961,957,952,916
1.9526,968,160,944,956,961,958,951,916
1.9626,968,160,944,956,961,958,951,916
1.9726,968,160,944,956,961,958,952,916
1.9826,968,160,944,956,961,957,952,915
1.9926,968,160,944,956,961,957,952,916
2.0026,968,160,944,956,961,958,952,916
2.0126,969,160,945,957,962,958,952,916
2.0227,969,160,945,957,962,958,952,916
2.0327,969,160,945,957,962,958,952,916
2.0427,969,160,945,957,962,958,952,916
2.0527,969,160,945,957,962,958,952,916
2.0627,969,160,945,957,962,958,952,916
2.0727,969,160,945,957,962,958,952,916
2.0827,969,160,945,957,962,958,952,916
2.0927,969,160,945,957,962,958,952,916
2.1027,969,160,945,957,962,958,952,916
2.1127,970,160,945,957,962,958,952,916
2.1227,970,160,945,957,962,958,952,917
2.1328,970,160,945,957,962,958,953,917
2.1428,970,160,945,957,962,958,953,917
2.1528,970,160,945,957,962,958,953,917
2.1628,970,160,945,957,962,958,953,917
2.1728,970,160,945,957,962,958,953,917
2.1828,970,160,945,957,962,958,952,916
2.1928,970,160,945,957,962,958,952,916
2.2028,969,160,945,957,962,958,952,915
2.2128,969,160,945,957,962,958,952,915
2.2229,969,160,945,957,962,958,952,914
2.2329,969,160,945,957,962,958,952,914
2.2429,969,160,944,957,962,958,952,913
2.2529,969,160,944,956,962,958,952,912
2.2629,969,160,944,956,962,958,952,912
2.2729,969,160,944,956,962,958,952,912
2.2829,969,160,944,956,962,958,952,911
2.2929,969,160,944,956,962,958,952,911
2.3029,969,160,944,956,962,958,952,910
2.3129,969,160,944,956,962,958,951,910
2.323,969,160,944,956,962,958,951,910
2.333,969,160,944,956,962,958,951,909
2.343,969,160,944,956,962,958,951,909
2.353,969,160,944,956,962,958,951,909
2.363,969,160,944,956,962,958,951,908
2.373,969,160,944,956,962,958,951,908
2.383,969,160,944,956,962,958,951,908
2.393,969,160,944,956,962,958,951,908
2.403,969,160,943,956,962,958,951,907
2.413,969,160,943,956,962,958,951,907
2.423,969,160,943,956,962,958,951,907
2.4331,969,160,943,956,962,958,951,907
2.4431,969,160,943,956,962,958,951,907
2.4531,968,160,943,955,962,958,951,906
2.4631,968,160,943,955,962,958,951,906
2.4731,968,160,943,955,962,958,951,906
2.4831,968,160,943,955,962,958,951,906
2.4931,968,160,943,955,962,958,951,906
2.5031,968,160,943,955,962,958,951,905
2.5131,968,160,943,955,962,958,951,905
2.5231,968,160,943,955,962,958,951,905
2.5332,968,160,943,955,962,958,951,905
2.5432,968,160,943,955,962,958,951,905
2.5532,968,160,943,955,962,958,951,905
2.5632,968,160,943,955,962,958,951,905
2.5732,968,160,943,955,962,958,951,904
2.5832,968,160,943,955,962,958,951,904
2.5932,968,160,942,955,962,958,951,904
2.6032,968,160,942,955,962,958,950,904
2.6132,968,160,942,955,962,958,950,904
2.6232,968,160,942,955,962,958,950,903
2.6333,968,160,942,955,962,958,950,903
2.6433,968,160,942,955,962,958,950,903
2.6533,968,160,942,955,962,958,950,903
2.6633,968,160,942,955,961,958,950,903
2.6733,968,160,942,955,962,958,950,902
2.6833,968,160,942,955,962,958,950,902
2.6933,968,160,942,955,962,958,950,902
2.7033,968,160,942,955,961,958,950,902
2.7133,968,160,942,955,961,958,950,902
2.7233,968,160,942,955,961,958,950,902
2.7333,968,160,942,954,961,958,950,901
2.7434,968,160,942,954,961,958,950,901
2.7534,968,160,942,954,961,958,950,901
2.7634,968,160,942,954,961,957,950,901
2.7734,968,160,941,954,961,958,950,900
2.7834,968,160,941,954,961,957,950,900
2.7934,968,160,941,954,961,957,950,900
2.8034,967,160,941,954,961,957,950,900
2.8134,967,160,941,954,961,957,950,900
2.8234,967,160,941,954,961,957,950,899
2.8334,967,160,941,954,961,957,950,899
2.8435,967,160,941,954,961,957,950,899
2.8535,967,160,941,954,961,957,950,899
2.8635,967,160,941,954,961,957,950,898
2.8735,967,160,941,954,961,957,950,898
2.8835,967,160,941,954,961,957,950,898
2.8935,967,160,941,954,961,957,950,898
2.9035,967,160,941,954,961,957,949,898
2.9135,967,160,941,954,961,957,949,897
2.9235,967,160,941,954,961,957,949,897
2.9335,967,160,941,953,961,957,949,897
2.9435,967,160,941,953,961,957,949,897
2.9536,967,160,940,953,961,957,949,896
2.9636,967,160,940,953,961,957,949,896
2.9736,967,160,940,953,961,957,949,896
2.9836,967,160,940,953,961,957,949,896
2.9936,967,160,940,953,961,957,949,895
3.0036,967,160,940,953,961,957,949,895
3.0136,967,160,940,953,961,957,949,895
3.0236,967,160,940,953,961,957,949,895
3.0336,967,160,940,953,961,957,949,895
3.0436,967,160,940,953,961,957,949,895
3.0537,967,160,940,953,961,957,949,894
3.0637,967,160,940,953,961,957,949,894
3.0737,967,160,940,953,961,957,949,894
3.0837,967,160,940,953,961,957,949,894
3.0937,967,160,940,953,961,957,949,893
3.1037,967,160,940,953,960,957,949,893
3.1137,967,160,940,953,961,957,949,893
3.1237,967,160,940,953,960,957,949,893
3.1337,967,160,940,952,960,957,949,893
3.1437,967,160,940,952,960,957,949,892
3.1538,966,160,939,952,960,957,949,892
3.1638,966,160,939,952,960,957,949,892
3.1738,966,160,939,952,960,957,949,892
3.1838,966,160,939,952,960,957,948,892
3.1938,966,160,939,952,960,957,948,891
3.2038,966,160,939,952,960,957,948,891
3.2138,966,160,939,952,960,957,948,891
3.2238,966,160,939,952,960,957,948,891
3.2338,966,160,939,952,960,957,948,891
3.2438,966,160,939,952,960,957,948,890
3.2538,966,160,939,952,960,957,948,890
3.2639,966,160,939,952,960,956,948,890
3.2739,966,160,939,952,960,956,948,890
3.2839,966,160,939,952,960,956,948,889
3.2939,966,160,939,952,960,956,948,889
3.3039,966,160,939,952,960,956,948,889
3.3139,966,160,939,952,960,956,948,889
3.3239,966,160,938,952,960,956,948,889
3.3339,966,160,938,951,960,956,948,888
3.3439,966,160,938,951,960,956,948,888
3.354,966,160,938,951,960,956,948,888
3.364,965,160,938,951,960,956,948,888
3.374,965,160,938,951,960,956,948,887
3.384,966,160,938,951,960,956,948,887
3.394,966,160,938,951,960,956,948,887
3.404,965,160,938,951,960,956,948,887
3.414,965,160,938,951,960,956,948,887
3.424,965,160,938,951,960,956,948,886
3.434,965,160,938,951,960,956,948,886
3.4441,965,160,938,951,960,956,947,886
3.4541,965,160,938,951,960,956,948,886
3.4641,965,160,938,951,960,956,948,886
3.4741,965,160,938,951,960,956,947,886
3.4841,965,160,938,951,959,956,947,885
3.4941,965,160,938,951,960,956,947,885
3.5041,965,160,937,951,959,956,947,885
3.5141,965,160,937,951,959,956,947,885
3.5241,965,160,937,951,959,956,947,885
3.5341,965,160,937,951,959,956,947,884
3.5441,965,160,937,950,959,956,947,884
3.5542,965,160,937,950,959,956,947,884
3.5642,965,160,937,950,959,956,947,884
3.5742,965,160,937,950,959,956,947,884
3.5842,965,160,937,950,959,956,947,884
3.5942,965,160,937,950,959,956,947,884
3.6042,965,160,937,950,959,956,947,884
3.6142,965,160,937,950,959,956,947,883
3.6242,965,160,937,950,959,956,947,883
3.6342,965,160,937,950,959,956,947,883
3.6442,965,160,937,950,959,956,947,883
3.6543,965,160,937,950,959,956,947,883
3.6643,965,160,937,950,959,956,947,883
3.6743,965,160,937,950,959,956,947,883
3.6843,965,160,937,950,959,956,947,883
3.6943,965,160,937,950,959,956,947,882
3.7043,965,160,936,950,959,955,947,882
3.7143,965,160,936,950,959,955,947,882
3.7243,965,160,936,950,959,955,947,882
3.7343,965,160,936,950,959,955,947,882
3.7443,965,160,936,949,959,955,947,882
3.7543,965,160,936,950,959,955,947,882
3.7644,965,160,936,950,959,955,947,882
3.7744,965,160,936,950,959,955,947,882
3.7844,965,160,936,949,959,955,946,882
3.7944,965,160,936,949,959,955,946,882
3.8044,964,160,936,949,959,955,946,881
3.8144,964,160,936,949,958,955,946,881
3.8244,964,160,936,949,959,955,946,881
3.8344,964,160,936,949,958,955,946,881
3.8444,964,160,936,949,958,955,946,881
3.8544,964,160,936,949,958,955,946,881
3.8645,964,160,936,949,958,955,946,881
3.8745,964,160,936,949,958,955,946,881
3.8845,964,160,936,949,958,955,946,880
3.8945,964,160,936,949,958,955,946,880
3.9045,964,160,936,949,958,955,946,880
3.9145,964,160,936,949,958,955,946,880
3.9245,964,160,935,949,958,955,946,880
3.9345,964,160,935,949,958,955,946,880
3.9445,964,160,935,949,958,955,946,880
3.9545,964,160,935,949,958,955,946,879
3.9646,964,160,935,949,958,955,946,879
3.9746,964,160,935,949,958,955,946,879
3.9846,964,160,935,949,958,955,946,879
3.9946,964,160,935,948,958,955,946,879
4.0046,964,160,935,949,958,955,946,879
4.0146,964,160,935,948,958,955,946,879
4.0246,964,160,935,948,958,955,946,879
4.0346,964,160,935,948,958,955,946,878
4.0446,963,160,935,948,958,955,946,878
4.0547,963,160,935,948,958,955,946,878
4.0647,963,160,935,948,958,955,946,878
4.0747,963,160,935,948,958,955,946,878
4.0847,963,160,935,948,958,955,946,878
4.0947,963,160,935,948,958,955,946,878
4.1047,963,160,935,948,958,955,945,878
4.1147,963,160,935,948,958,955,945,877
4.1247,963,160,935,948,958,955,945,877
4.1347,963,160,935,948,957,955,945,877
4.1447,963,160,934,948,958,955,945,877
4.1548,963,160,934,948,957,955,945,877
4.1648,963,160,934,948,957,955,945,877
4.1748,963,160,934,948,957,954,945,877
4.1848,963,160,934,948,957,954,945,877
4.1948,963,160,934,948,957,954,945,876
4.2048,963,160,934,948,957,954,945,876
4.2148,963,160,934,948,957,954,945,876
4.2248,963,160,934,948,957,954,945,876
4.2348,963,160,934,948,957,954,945,876
4.2448,963,160,934,948,957,954,945,876
4.2549,963,160,934,948,957,954,945,876
4.2649,963,160,934,948,957,954,945,876
4.2749,963,160,934,948,957,954,945,876
4.2849,963,160,934,947,957,954,945,876
4.2949,963,160,934,947,957,954,945,876
4.3049,963,160,934,947,957,954,945,876
4.3149,963,160,934,947,957,954,945,876
4.3249,963,160,934,947,957,954,945,876
4.3349,963,160,934,947,957,954,945,875
4.345,963,160,934,947,957,954,945,875
4.355,963,160,934,947,957,954,945,875
4.365,963,160,934,947,957,954,945,875
4.375,963,160,934,947,957,954,945,875
4.385,963,160,933,947,957,954,945,875
4.395,963,160,933,947,957,954,945,875
4.405,963,160,933,947,957,954,945,875
4.415,963,160,933,947,957,954,945,875
4.425,963,160,933,947,957,954,945,875
4.4351,963,160,933,947,957,954,945,875
4.4451,963,160,933,947,957,954,945,874
4.4551,963,160,933,947,957,954,945,874
4.4651,963,160,933,947,957,954,945,874
4.4751,963,160,933,947,957,954,945,874
4.4851,962,160,933,947,957,954,945,874
4.4951,962,160,933,947,957,954,944,874
4.5051,962,160,933,947,957,954,944,874
4.5151,962,160,933,947,956,954,944,874
4.5252,962,160,933,947,956,954,944,874
4.5352,962,160,933,947,956,954,944,874
4.5452,962,160,933,946,956,954,944,874
4.5552,962,160,933,946,956,954,944,874
4.5652,962,160,933,946,956,953,944,874
4.5752,962,160,933,946,956,953,944,873
4.5852,962,160,933,946,956,953,944,873
4.5952,962,160,933,946,956,953,944,873
4.6052,962,160,933,946,956,953,944,873
4.6152,962,160,933,946,956,953,944,873
4.6252,962,160,933,946,956,953,944,873
4.6353,962,160,933,946,956,953,944,873
4.6453,962,160,933,946,956,953,944,873
4.6553,962,160,932,946,956,953,944,873
4.6653,962,160,932,946,956,953,944,873
4.6753,962,160,932,946,956,953,944,873
4.6853,962,160,932,946,956,953,944,873
4.6953,962,160,932,946,956,953,944,873
4.7053,962,160,932,946,956,953,944,873
4.7153,962,160,932,946,956,953,944,873
4.7253,962,160,932,946,956,953,944,873
4.7354,962,160,932,946,956,953,944,873
4.7454,962,160,932,946,956,953,944,872
4.7554,962,160,932,946,956,953,944,872
4.7654,962,160,932,946,956,953,944,872
4.7754,962,160,932,946,956,953,944,872
4.7854,962,160,932,946,956,953,944,872
4.7954,962,160,932,946,956,953,944,872
4.8054,962,160,932,946,956,953,944,872
4.8154,962,160,932,946,956,953,944,872
4.8255,962,160,932,946,956,953,944,872
4.8355,962,160,932,946,956,953,944,872
4.8455,962,160,932,946,956,953,944,872
4.8555,962,160,932,946,956,953,944,872
4.8655,962,160,932,945,956,953,944,872
4.8755,962,160,932,946,955,953,944,872
4.8855,962,160,932,945,955,953,944,872
4.8955,962,160,932,945,955,953,944,872
4.9055,962,160,932,945,955,953,944,872
4.9155,962,160,932,945,955,953,944,872
4.9256,962,160,932,945,955,953,944,872
4.9356,962,160,932,945,955,953,944,872
4.9456,962,160,932,945,955,952,944,872
4.9556,962,160,931,945,955,953,943,871
4.9656,962,160,931,945,955,953,944,871
4.9756,962,160,931,945,955,952,943,871
4.9856,962,160,931,945,955,952,943,871
4.9956,962,160,931,945,955,952,943,871
5.0056,961,160,931,945,955,952,943,871
5.0157,961,160,931,945,955,952,943,871
5.0257,961,160,931,945,955,952,943,871
5.0357,961,160,931,945,955,952,943,871
5.0457,961,160,931,945,955,952,943,871
5.0557,961,160,931,945,955,952,943,871
5.0657,961,160,931,945,955,952,943,870
5.0757,961,160,931,945,955,952,943,870
5.0857,961,160,931,945,955,952,943,870
5.0957,961,160,931,945,955,952,943,870
5.1057,961,160,931,945,955,952,943,870
5.1157,961,160,931,945,955,952,943,870
5.1257,961,160,931,945,955,952,943,870
5.1358,961,160,931,945,955,952,943,870
5.1458,961,160,931,945,955,952,943,870
5.1558,961,160,931,945,955,952,943,870
5.1658,961,160,931,945,955,952,943,870
5.1758,961,160,931,945,955,952,943,870
5.1858,961,160,931,945,955,952,943,870
5.1958,961,160,931,945,955,952,943,870
5.2058,961,160,931,944,955,952,943,870
5.2159,961,160,931,944,955,952,943,870
5.2259,961,160,931,944,955,952,943,870
5.2359,961,160,931,944,955,952,943,870
5.2459,961,160,931,944,955,952,943,870
5.2559,961,160,931,944,955,952,943,870
5.2659,961,160,931,944,955,952,943,870
5.2759,961,160,931,944,955,952,943,870
5.2859,961,160,931,944,955,952,943,870
5.2959,961,160,931,944,955,952,943,870
5.3059,961,160,931,944,954,952,943,870
5.316,961,160,931,944,955,952,943,870
5.326,961,160,931,944,954,952,943,870
5.336,961,160,931,944,954,952,943,870
5.346,961,160,931,944,954,952,943,870
5.356,961,160,931,944,954,952,943,870
5.366,961,160,930,944,954,952,943,870
5.376,961,160,930,944,954,952,943,870
5.386,961,160,930,944,954,952,943,870
5.396,961,160,930,944,954,952,943,869
5.4061,961,160,930,944,954,951,943,870
5.4161,961,160,930,944,954,952,943,869
5.4261,961,160,930,944,954,951,943,869
5.4361,961,160,930,944,954,951,943,869
5.4461,961,160,930,944,954,951,943,869
5.4561,961,160,930,944,954,951,943,869
5.4661,961,160,930,944,954,951,943,869
5.4761,961,160,930,944,954,951,943,870
5.4861,961,160,930,944,954,951,943,869
5.4961,961,160,930,944,954,951,943,870
5.5062,961,160,930,944,954,951,942,869
5.5162,961,160,930,944,954,951,942,869
5.5262,961,160,930,944,954,951,942,869
5.5362,961,160,930,944,954,951,942,869
5.5462,961,160,930,944,954,951,942,869
5.5562,960,160,930,944,954,951,942,869
5.5662,960,160,930,943,954,951,942,869
5.5762,960,160,930,943,954,951,942,869
5.5862,960,160,930,943,954,951,942,870
5.5963,960,160,930,943,954,951,942,870
5.6063,960,160,930,943,954,951,942,870
5.6163,960,160,930,943,954,951,942,870
5.6263,960,160,930,943,954,951,942,870
5.6363,960,160,930,943,954,951,942,870
5.6463,960,160,930,943,954,951,942,870
5.6563,960,160,930,943,954,951,942,870
5.6663,960,160,930,943,954,951,942,870
5.6763,960,160,930,943,954,951,942,870
5.6864,960,160,930,943,954,951,942,870
5.6964,960,160,930,943,954,951,942,869
5.7064,960,160,930,943,954,951,942,869
5.7164,960,160,930,943,954,951,942,869
5.7264,960,160,930,943,954,951,942,869
5.7364,960,160,930,943,954,951,942,870
5.7464,960,160,930,943,954,951,942,869
5.7564,960,160,930,943,954,951,942,869
5.7664,960,160,930,943,954,951,942,870
5.7764,960,160,930,943,954,951,942,870
5.7865,960,160,930,943,954,951,942,870
5.7965,960,160,930,943,954,951,942,870
5.8065,960,160,930,943,954,951,942,869
5.8165,960,160,930,943,954,951,942,869
5.8265,960,160,930,943,954,951,942,869
5.8365,960,160,930,943,954,951,942,869
5.8465,960,160,930,943,953,950,942,870
5.8565,960,160,930,943,953,950,942,870
5.8665,960,160,930,943,953,950,942,870
5.8765,960,160,930,943,953,950,942,870
5.8866,960,160,930,943,953,950,942,870
5.8966,960,160,930,943,953,950,942,870
5.9066,960,160,930,943,953,950,942,870
5.9166,960,160,930,943,953,950,942,870
5.9266,960,160,930,943,953,950,942,870
5.9366,960,160,930,943,953,950,942,870
5.9466,960,160,930,942,953,950,942,870
5.9566,960,160,930,942,953,950,942,870
5.9666,960,160,930,942,953,950,942,870
5.9767,960,160,930,942,953,950,942,870
5.9867,960,160,930,942,953,950,942,870
5.9967,960,160,930,942,953,950,942,870
6.0067,960,160,930,942,953,950,942,870
6.0167,960,160,930,942,953,950,942,870
6.0267,960,160,930,942,953,950,942,870
6.0367,960,160,930,942,953,950,942,870
6.0467,960,160,930,942,953,950,942,870
6.0568,960,160,930,942,953,950,942,870
6.0668,960,160,930,942,953,950,942,870
6.0768,960,160,930,942,953,950,942,870
6.0868,960,160,930,942,953,950,942,870
6.0968,960,160,930,942,953,950,942,870
6.1068,960,160,930,942,953,950,942,870
6.1168,960,160,930,942,953,950,942,870
6.1268,960,160,930,942,953,950,942,870
6.1368,960,160,930,942,953,950,941,870
6.1468,960,160,930,942,953,950,941,870
6.1568,960,160,930,942,953,950,941,870
6.1669,960,160,930,942,953,950,941,871
6.1769,960,160,930,942,953,950,941,871
6.1869,960,160,930,942,953,950,941,871
6.1969,960,160,930,942,953,950,941,871
6.2069,960,160,930,942,953,950,941,871
6.2169,960,160,930,942,953,950,941,871
6.2269,960,160,930,942,953,950,941,871
6.2369,960,160,930,942,953,949,941,871
6.2469,960,160,930,942,953,949,941,871
6.2569,959,160,930,942,953,949,941,871
6.267,959,160,930,942,953,949,941,871
6.277,959,160,930,942,953,949,941,871
6.287,959,160,930,942,953,949,941,871
6.297,959,160,930,942,953,949,941,871
6.307,959,160,930,942,953,949,941,871
6.317,959,160,930,942,953,949,941,871
6.327,959,160,930,942,953,949,941,871
6.337,959,160,930,942,952,949,941,871
6.347,959,160,930,942,953,949,941,871
6.357,959,160,930,942,953,949,941,871
6.3671,959,160,930,942,952,949,941,871
6.3771,959,160,930,942,952,949,941,871
6.3871,959,160,930,941,952,949,941,871
6.3971,959,160,930,941,952,949,941,871
6.4071,959,160,930,941,952,949,941,871
6.4171,959,160,930,941,952,949,941,871
6.4271,959,160,930,941,952,949,941,871
6.4371,959,160,930,941,952,949,941,871
6.4471,959,160,930,941,952,949,941,871
6.4571,959,160,930,941,952,949,941,871
6.4671,959,160,930,941,952,949,941,871
6.4772,959,160,930,941,952,949,941,871
6.4872,959,160,930,941,952,949,941,871
6.4972,959,160,930,941,952,949,941,871
6.5072,959,160,930,941,952,949,941,872
6.5172,959,160,930,941,952,949,941,872
6.5272,959,160,930,941,952,949,941,872
6.5372,959,160,930,941,952,949,941,872
6.5472,959,160,930,941,952,949,941,871
6.5573,959,160,930,941,952,949,941,872
6.5673,959,160,930,941,952,949,941,872
6.5773,959,160,930,941,952,949,941,872
6.5873,959,160,930,941,952,949,941,872
6.5973,959,160,930,941,952,949,941,872
6.6073,959,160,930,941,952,949,941,872
6.6173,959,160,930,941,952,949,941,872
6.6273,959,160,930,941,952,949,941,872
6.6373,959,160,930,941,952,949,941,872
6.6473,959,160,930,941,952,949,941,872
6.6574,959,160,930,941,952,949,941,872
6.6674,959,160,930,941,952,949,941,872
6.6774,959,160,930,941,952,949,941,872
6.6874,959,160,930,941,952,949,941,872
6.6974,959,160,930,941,952,948,941,872
6.7074,959,160,930,941,952,948,941,872
6.7174,959,160,930,941,952,949,941,872
6.7274,959,160,930,941,952,948,941,872
6.7374,959,160,930,941,952,948,941,872
6.7474,959,160,930,941,952,948,941,872
6.7575,959,160,930,941,952,948,941,872
6.7675,959,160,930,941,952,948,941,872
6.7775,959,160,930,941,952,948,941,872
6.7875,959,160,930,941,952,948,941,872
6.7975,959,160,930,941,952,948,941,872
6.8075,959,160,930,941,952,948,940,872
6.8175,959,160,930,941,952,948,941,872
6.8275,959,160,930,941,952,948,941,872
6.8375,959,160,930,941,952,948,940,872
6.8476,959,160,930,941,952,948,940,873
6.8576,959,160,930,941,952,948,940,873
6.8676,959,160,930,941,952,948,940,873
6.8776,959,160,930,940,952,948,940,873
6.8876,959,160,930,941,952,948,940,873
6.8976,959,160,930,940,952,948,940,873
6.9076,959,160,930,940,952,948,940,873
6.9176,959,160,930,940,952,948,940,873
6.9277,959,160,930,940,952,948,940,873
6.9377,959,160,930,940,952,948,940,873
6.9477,959,160,930,940,952,948,940,873
6.9577,959,160,930,940,951,948,940,873
6.9677,959,160,930,940,952,948,940,873
6.9777,959,160,930,940,952,948,940,873
6.9877,959,160,930,940,952,948,940,873
6.9977,959,160,930,940,952,948,940,873
7.0077,959,160,930,940,952,948,940,873
7.0177,959,160,930,940,951,948,940,873
7.0278,959,160,930,940,951,948,940,873
7.0378,959,160,930,940,951,948,940,873
7.0478,959,160,930,940,951,948,940,873
7.0578,959,160,930,940,951,948,940,873
7.0678,959,160,930,940,951,948,940,873
7.0778,959,160,930,940,951,948,940,873
7.0878,959,160,930,940,951,948,940,873
7.0978,959,160,930,940,951,948,940,873
7.1078,959,160,930,940,951,948,940,873
7.1178,959,160,930,940,951,948,940,873
7.1278,959,160,930,940,951,948,940,873
7.1379,959,160,930,940,951,948,940,873
7.1479,959,160,930,940,951,948,940,873
7.1579,959,160,930,940,951,948,940,873
7.1679,959,160,930,940,951,948,940,873
7.1779,959,160,930,940,951,948,940,873
7.1879,959,160,930,940,951,948,940,873
7.1979,959,160,930,940,951,948,940,873
7.2079,959,160,930,940,951,948,940,873
7.2179,959,160,930,940,951,947,940,873
7.2279,959,160,930,940,951,948,940,874
7.2379,959,160,930,940,951,948,940,874
7.248,959,160,930,940,951,947,940,874
7.258,959,160,930,940,951,947,940,874
7.268,959,160,930,940,951,947,940,874
7.278,959,160,930,940,951,947,940,874
7.288,959,160,930,940,951,947,940,874
7.298,959,160,930,940,951,947,940,874
7.308,959,160,930,940,951,947,940,874
7.318,959,160,930,940,951,947,940,874
7.328,959,160,930,940,951,947,940,874
7.338,959,160,930,940,951,947,940,874
7.3481,959,160,930,940,951,947,940,874
7.3581,959,160,930,940,951,947,940,874
7.3681,959,160,930,940,951,947,940,874
7.3781,959,160,930,940,951,947,940,874
7.3881,959,160,930,940,951,947,940,874
7.3981,959,160,930,940,951,947,940,875
7.4081,959,160,930,940,951,947,940,875
7.4181,959,160,930,940,951,947,940,875
7.4282,959,160,930,940,951,947,940,875
7.4382,959,160,930,939,951,947,940,875
7.4482,959,160,930,939,951,947,940,875
7.4582,959,160,930,939,951,947,940,875
7.4682,959,160,930,939,951,947,940,875
7.4782,959,160,930,939,951,947,940,875
7.4882,959,160,930,939,951,947,940,875
7.4982,959,160,930,939,951,947,940,875
7.5082,959,160,930,939,951,947,940,875
7.5182,959,160,930,939,951,947,940,875
7.5283,959,160,930,939,951,947,940,875
7.5383,959,160,930,939,951,947,940,875
7.5483,959,160,930,939,951,947,940,875
7.5583,959,160,930,939,951,947,940,875
7.5683,959,160,930,939,951,947,940,875
7.5783,959,160,930,939,951,947,940,875
7.5883,959,160,930,939,951,947,940,875
7.5983,959,160,930,939,951,947,940,875
7.6083,959,160,930,939,951,947,940,875
7.6184,959,160,930,939,951,947,940,875
7.6284,959,160,930,939,951,947,940,875
7.6384,959,160,930,939,951,947,940,875
7.6484,959,160,930,939,950,947,940,876
7.6584,959,160,930,939,951,947,940,876
7.6684,959,160,930,939,950,947,940,876
7.6784,959,160,930,939,950,947,940,876
7.6884,959,160,930,939,950,947,940,876
7.6984,959,160,930,939,950,947,940,876
7.7084,959,160,930,939,950,947,940,876
7.7184,959,160,930,939,950,947,940,876
7.7285,959,160,930,939,950,947,940,876
7.7385,959,160,930,939,950,947,940,876
7.7485,959,160,930,939,950,947,940,876
7.7585,959,160,930,939,950,947,939,876
7.7685,959,160,930,939,950,947,939,876
7.7785,959,160,930,939,950,947,939,876
7.7885,959,160,930,939,950,947,939,877
7.7985,959,160,930,939,950,947,939,877
7.8086,959,160,930,939,950,946,939,877
7.8186,959,160,930,939,950,946,939,877
7.8286,959,160,930,939,950,946,939,877
7.8386,959,160,931,939,950,946,939,877
7.8486,959,160,931,939,950,946,939,877
7.8586,959,160,931,939,950,946,939,877
7.8686,959,160,931,939,950,946,939,877
7.8786,959,160,931,939,950,946,939,877
7.8886,959,160,930,939,950,946,939,877
7.8987,959,160,931,939,950,946,939,877
7.9087,959,160,930,939,950,946,939,877
7.9187,959,160,931,939,950,946,939,877
7.9287,959,160,931,939,950,946,939,877
7.9387,959,160,931,939,950,946,939,877
7.9487,959,160,931,939,950,946,939,877
7.9587,959,160,931,939,950,946,939,877
7.9687,959,160,931,939,950,946,939,877
7.9787,958,160,931,939,950,946,939,877
7.9887,959,160,931,939,950,946,939,877
7.9988,959,160,931,939,950,946,939,877
8.0088,959,160,931,939,950,946,939,877
8.0188,959,160,931,939,950,946,939,878
8.0288,958,160,931,939,950,946,939,878
8.0388,958,160,931,939,950,946,939,878
8.0488,959,160,931,939,950,946,939,878
8.0588,958,160,931,939,950,946,939,878
8.0688,958,160,931,939,950,946,939,878
8.0788,959,160,931,939,950,946,939,878
8.0889,959,160,931,939,950,946,939,878
8.0989,959,160,931,939,950,946,939,878
8.1089,959,160,931,939,950,946,939,878
8.1189,959,160,931,939,950,946,939,878
8.1289,959,160,931,939,950,946,939,878
8.1389,959,160,931,939,950,946,939,878
8.1489,959,160,931,939,950,946,939,878
8.1589,959,160,931,939,950,946,939,878
8.1689,959,160,931,939,950,946,939,878
8.1789,959,160,931,939,950,946,939,878
8.189,959,160,931,939,950,946,939,878
8.199,959,160,931,939,950,946,939,878
8.209,959,160,931,939,950,946,939,878
8.219,959,160,931,939,950,946,939,878
8.229,959,160,931,939,950,946,939,879
8.239,959,160,931,939,950,946,939,879
8.249,959,160,931,939,950,946,939,879
8.259,958,160,931,938,950,946,939,879
8.269,959,160,931,939,950,946,939,879
8.2791,959,160,931,938,950,946,939,879
8.2891,958,160,931,938,950,946,939,879
8.2991,958,160,931,939,950,946,939,879
8.3091,958,160,931,939,950,946,939,879
8.3191,958,160,931,939,950,946,939,879
8.3291,958,160,931,938,950,946,939,879
8.3391,958,160,931,938,950,946,939,879
8.3491,958,160,931,938,950,946,939,879
8.3591,958,160,931,938,950,946,939,879
8.3692,958,160,931,938,950,945,939,879
8.3792,958,160,931,938,950,946,939,879
8.3892,958,160,931,938,950,946,939,879
8.3992,958,160,931,938,950,946,939,879
8.4092,958,160,931,938,950,946,939,879
8.4192,958,160,931,938,950,946,939,879
8.4292,958,160,931,938,950,945,939,879
8.4392,958,160,931,938,950,946,939,879
8.4492,958,160,931,938,949,945,939,879
8.4592,958,160,931,938,950,945,939,879
8.4692,958,160,931,938,950,945,939,879
8.4793,958,160,931,938,950,945,939,880
8.4893,958,160,931,938,949,945,939,880
8.4993,958,160,931,938,949,945,939,880
8.5093,958,160,931,938,950,945,939,880
8.5193,958,160,932,938,949,945,939,880
8.5293,958,160,931,938,949,945,939,880
8.5393,958,160,932,938,949,945,939,880
8.5493,958,160,932,938,949,945,939,880
8.5593,958,160,932,938,949,945,939,880
8.5694,958,160,932,938,949,945,939,880
8.5794,958,160,932,938,949,945,939,880
8.5894,958,160,932,938,949,945,939,880
8.5994,958,160,932,938,949,945,939,880
8.6094,958,160,932,938,949,945,939,880
8.6194,958,160,932,938,949,945,939,880
8.6294,958,160,932,938,949,945,939,880
8.6394,958,160,932,938,949,945,939,880
8.6494,958,160,932,938,949,945,939,880
8.6595,958,160,932,938,949,945,939,880
8.6695,958,160,932,938,949,945,939,880
8.6795,958,160,932,938,949,945,939,880
8.6895,958,160,932,938,949,945,939,880
8.6995,958,160,932,938,949,945,939,880
8.7095,958,160,932,938,949,945,939,880
8.7195,958,160,932,938,949,945,939,880
8.7295,958,160,932,938,949,945,939,881
8.7395,958,160,932,938,949,945,939,881
8.7495,958,160,932,938,949,945,939,881
8.7596,958,160,932,938,949,945,939,881
8.7696,958,160,932,938,949,945,939,881
8.7796,958,160,932,938,949,945,939,881
8.7896,958,160,932,938,949,945,939,881
8.7996,958,160,932,938,949,945,939,881
8.8096,958,160,932,938,949,945,939,881
8.8196,958,160,932,938,949,945,939,881
8.8296,958,160,932,938,949,945,939,881
8.8396,958,160,932,938,949,945,939,881
8.8496,958,160,932,938,949,945,939,881
8.8597,958,160,932,938,949,945,939,881
8.8697,958,160,932,938,949,945,939,881
8.8797,958,160,932,938,949,945,939,881
8.8897,958,160,932,938,949,945,939,881
8.8997,958,160,932,938,949,945,939,881
8.9097,958,160,932,938,949,945,939,881
8.9197,958,160,932,938,949,945,939,881
8.9297,958,160,932,938,949,945,939,881
8.9397,958,160,932,938,949,945,939,881
8.9498,958,160,932,938,949,945,939,881
8.9598,958,160,932,938,949,945,939,881
8.9698,958,160,932,938,949,945,939,882
8.9798,958,160,932,938,949,945,939,882
8.9898,958,160,932,938,949,945,938,882
8.9998,958,160,932,938,949,945,938,882
9.0098,958,160,932,938,949,944,939,882
9.0198,958,160,932,938,949,945,938,882
9.0298,958,160,932,938,949,945,938,882
9.0398,958,160,932,938,949,945,938,882
9.0499,958,160,932,937,949,945,938,882
9.0599,958,160,932,938,949,945,938,882
9.0699,958,160,932,937,949,944,938,882
9.0799,958,160,932,938,949,944,938,882
9.0899,958,160,932,938,949,944,938,882
9.0999,958,160,932,937,949,944,938,882
9.1099,958,160,932,937,949,944,938,882
9.1199,958,160,933,937,949,944,938,883
9.1299,958,160,933,937,949,944,938,883
9.1399,958,160,932,937,949,944,938,883
9.15,958,160,933,937,949,944,938,883
9.16,958,160,933,937,949,944,938,883
9.17,958,160,933,937,949,944,938,883
9.18,958,160,933,937,949,944,938,883
9.19,958,160,933,937,949,944,938,883
9.2,958,160,933,937,949,944,938,883
9.21,958,160,933,937,949,944,938,883
9.22,958,160,933,937,949,944,938,883
9.23,958,160,933,937,949,944,938,883
9.24,958,160,933,937,949,944,938,883
9.2501,958,160,933,937,949,944,938,883
9.2601,958,160,933,937,949,944,938,883
9.2701,958,160,933,937,949,944,938,883
9.2801,958,160,933,937,949,944,938,883
9.2901,958,160,933,937,949,944,938,883
9.3001,958,160,933,937,949,944,938,883
9.3101,959,160,933,937,949,944,938,883
9.3201,958,160,933,937,949,944,938,883
9.3301,958,160,933,937,949,944,938,883
9.3402,958,160,933,937,949,944,938,883
9.3502,958,160,933,937,949,944,938,883
9.3602,958,160,933,937,949,944,938,883
9.3702,958,160,933,937,949,944,938,883
9.3802,958,160,933,937,949,944,938,883
9.3902,958,160,933,937,949,944,938,883
9.4002,958,160,933,937,949,944,938,883
9.4102,958,160,933,937,949,944,938,884
9.4202,959,160,933,937,949,944,938,884
9.4302,959,160,933,937,949,944,938,884
9.4403,959,160,933,937,949,944,938,884
9.4503,959,160,933,937,949,944,938,884
9.4603,959,160,933,937,949,944,938,884
9.4703,959,160,933,937,949,944,938,884
9.4803,959,160,933,937,949,944,938,884
9.4903,959,160,933,937,949,944,938,884
9.5003,959,160,933,937,949,944,938,884
9.5103,959,160,933,937,949,944,938,884
9.5203,959,160,933,937,949,944,938,884
9.5303,959,160,933,937,949,944,938,884
9.5404,959,160,933,937,949,944,938,884
9.5504,959,160,933,937,949,944,938,884
9.5604,959,160,933,937,949,944,938,884
9.5704,959,160,933,937,949,944,938,884
9.5804,959,160,933,937,949,944,938,885
9.5904,959,160,933,937,949,944,938,885
9.6004,959,160,933,937,948,944,938,885
9.6104,959,160,933,937,948,944,938,885
9.6204,959,160,933,937,949,944,938,885
9.6305,958,160,934,937,948,944,938,885
9.6405,959,160,933,937,949,944,938,885
9.6505,958,160,933,937,949,944,938,885
9.6605,958,160,933,937,948,944,938,885
9.6705,958,160,934,937,948,944,938,885
9.6805,958,160,934,937,948,944,938,885
9.6905,958,160,934,937,948,944,938,885
9.7005,958,160,934,937,948,944,938,885
9.7105,958,160,934,937,948,944,938,885
9.7206,959,160,934,937,948,944,938,885
9.7306,959,160,934,937,948,944,938,885
9.7406,959,160,934,937,948,944,938,885
9.7506,958,160,934,937,948,944,938,885
9.7606,958,160,934,937,948,944,938,885
9.7706,958,160,934,937,948,944,938,885
9.7806,958,160,934,937,948,944,938,885
9.7906,958,160,934,937,948,944,938,885
9.8006,958,160,934,937,948,944,938,885
9.8106,958,160,934,937,948,944,938,885
9.8207,958,160,934,937,948,944,938,885
9.8307,959,160,934,937,948,944,938,885
9.8407,958,160,934,937,948,944,938,885
9.8507,958,160,934,937,948,944,938,886
9.8607,958,160,934,937,948,944,938,885
9.8707,958,160,934,937,948,944,938,886
9.8807,958,160,934,937,948,943,938,886
9.8907,958,160,934,937,948,944,938,886
9.9007,958,160,934,937,948,943,938,886
9.9108,958,160,934,937,948,943,938,886
9.9208,958,160,934,937,948,943,938,886
9.9308,958,160,934,937,948,943,938,886
9.9408,958,160,934,937,948,943,938,886
9.9508,958,160,934,937,948,943,938,886
9.9608,958,160,934,937,948,943,938,886
9.9708,958,160,934,937,948,943,938,886
9.9808,958,160,934,937,948,943,938,886
9.9908,958,160,934,937,948,943,938,886
10.001,958,160,934,937,948,943,938,886
10.011,958,160,933,936,948,943,937,885
10.021,958,160,933,936,948,943,937,886
10.031,958,160,934,936,948,943,937,886
10.041,958,160,933,936,948,943,937,886
10.051,958,160,934,936,948,943,937,886
10.061,958,160,934,936,948,943,937,886
10.071,958,160,934,936,948,943,937,886
10.081,958,160,934,936,948,943,937,886
10.091,958,160,934,936,948,943,937,886
10.101,958,160,934,936,948,943,937,886
10.111,958,160,934,936,948,943,937,886
10.121,958,160,934,936,948,943,937,886
10.131,959,160,934,936,948,943,937,886
10.141,959,160,934,936,948,943,937,886
10.151,959,160,934,936,948,943,937,886
10.161,959,160,934,936,947,943,937,887
10.171,959,160,934,936,948,943,937,887
10.181,959,160,934,936,947,943,937,888
10.191,959,160,934,936,948,943,937,888
10.201,959,160,934,936,948,943,937,889
10.211,959,160,934,936,948,943,938,890
10.221,959,160,934,936,948,943,938,891
10.231,959,160,934,936,948,943,938,891
10.241,959,160,935,936,948,943,938,892
10.251,959,160,935,937,948,943,938,893
10.261,960,160,935,937,948,943,938,894
10.271,960,160,935,937,948,943,938,895
10.281,960,160,935,937,948,943,938,896
10.291,960,160,935,937,948,943,938,896
10.301,960,160,936,938,948,943,938,897
10.311,960,160,936,938,948,943,939,898
10.321,960,160,936,938,948,943,939,899
10.331,960,160,936,938,948,943,939,900
10.341,960,160,936,939,948,943,939,901
10.351,960,160,936,939,948,943,939,901
10.361,960,160,937,939,948,943,939,902
10.371,960,160,937,939,948,943,939,903
10.381,961,160,937,939,948,943,939,904
10.391,961,160,937,940,948,943,939,904
10.401,961,160,937,940,948,943,939,905
10.411,961,160,937,940,948,943,940,906
10.421,961,160,938,940,948,943,940,906
10.431,961,160,938,940,948,943,940,907
10.441,961,160,938,940,948,943,940,907
10.451,961,160,938,941,948,943,940,908
10.461,962,160,938,941,948,943,940,909
10.471,962,160,939,941,948,943,940,909
10.481,962,160,939,941,948,943,940,910
10.491,962,160,939,941,948,943,940,911
10.501,962,160,939,941,948,943,940,911
10.511,962,160,939,942,948,944,940,912
10.521,962,160,939,942,948,944,940,912
10.531,962,160,940,942,948,944,940,913
10.541,962,160,940,942,948,944,941,913
10.551,962,160,940,942,948,944,941,914
10.561,963,160,940,942,948,944,941,914
10.571,963,160,940,943,948,944,941,915
10.581,963,160,940,943,948,944,941,915
10.591,963,160,940,943,948,944,941,916
10.601,963,160,941,943,948,944,941,916
10.611,963,160,941,943,948,944,941,917
10.621,963,160,941,943,948,944,941,917
10.632,963,160,941,943,948,944,942,918
10.642,963,160,941,944,948,944,942,918
10.652,963,160,941,944,948,944,942,919
10.662,963,160,942,944,949,944,942,920
10.672,963,160,942,944,949,944,942,920
10.682,963,160,942,944,949,944,942,921
10.692,963,160,942,944,949,944,942,921
10.702,964,160,942,944,949,944,942,922
10.712,964,160,942,945,949,944,942,922
10.722,964,160,942,945,949,945,942,923
10.732,964,160,943,945,949,945,943,923
10.742,964,160,943,945,949,945,943,924
10.752,964,160,943,945,949,945,943,924
10.762,964,160,943,945,949,945,943,924
10.772,964,160,943,945,949,945,943,925
10.782,964,160,943,946,949,945,943,925
10.792,964,160,943,946,949,945,943,926
10.802,964,160,944,946,949,945,943,926
10.812,964,160,944,946,949,945,943,927
10.822,964,160,944,946,950,945,943,927
10.832,964,160,944,946,950,945,943,927
10.842,964,160,944,946,950,945,943,928
10.852,964,160,944,946,950,945,944,928
10.862,964,160,944,946,950,945,944,928
10.872,965,160,944,947,950,945,944,929
10.882,965,160,945,947,950,945,944,929
10.892,965,160,945,947,950,945,944,930
10.902,965,160,945,947,950,945,944,930
10.912,965,160,945,947,950,945,944,930
10.922,965,160,945,947,950,945,944,930
10.932,965,160,945,947,951,946,944,931
10.942,965,160,945,947,951,946,944,931
10.952,965,160,945,947,951,946,944,931
10.962,965,160,946,947,951,946,944,932
10.972,965,160,946,947,951,946,944,932
10.982,965,160,946,948,951,946,944,932
10.992,965,160,946,948,951,946,944,932
11.002,965,160,946,948,951,946,944,933
11.012,965,160,946,948,951,946,945,933
11.022,965,160,946,948,951,946,945,933
11.032,965,160,946,948,951,946,945,933
11.042,965,160,946,948,951,946,945,934
11.052,965,160,947,948,952,946,945,934
11.062,966,160,947,948,952,947,945,934
11.072,966,160,947,948,952,947,945,934
11.082,966,160,947,948,952,947,945,935
11.092,966,160,947,949,952,947,945,935
11.102,966,160,947,949,952,947,945,935
11.112,966,160,947,949,952,947,945,935
11.122,966,160,947,949,952,947,945,936
11.132,966,160,947,949,952,947,945,936
11.142,966,160,947,949,952,947,945,936
11.152,966,160,948,949,952,947,945,936
11.162,966,160,948,949,953,947,945,936
11.172,966,160,948,949,953,947,945,937
11.182,966,160,948,949,953,947,945,937
11.192,966,160,948,949,953,947,945,937
11.202,966,160,948,949,953,947,946,937
11.212,967,160,948,950,953,948,946,937
11.222,966,160,948,950,953,948,946,938
11.232,967,160,948,950,953,948,946,938
11.242,967,160,948,950,953,948,946,938
11.252,967,160,948,950,953,948,946,938
11.262,967,160,948,950,953,948,946,938
11.272,967,160,949,950,953,948,946,939
11.282,967,160,949,950,953,948,946,939
11.292,967,160,949,950,953,948,946,939
11.302,967,160,949,950,953,948,946,939
11.312,967,160,949,950,954,948,946,939
11.322,967,160,949,950,954,948,946,940
11.332,967,160,949,950,954,948,946,940
11.342,967,160,949,950,954,948,946,940
11.352,967,160,949,950,954,948,946,940
11.362,967,160,949,950,954,948,946,940
11.372,967,160,949,950,954,948,946,940
11.382,967,160,949,950,954,948,946,940
11.392,967,160,950,951,954,949,946,941
11.402,967,160,950,951,954,949,946,941
11.412,967,160,950,951,954,949,947,941
11.422,968,160,950,951,954,949,947,941
11.432,968,160,950,951,954,949,947,941
11.442,968,160,950,951,954,949,947,941
11.452,968,160,950,951,954,949,947,942
11.462,968,160,950,951,955,949,947,942
11.472,968,160,950,951,955,949,947,942
11.482,968,160,950,951,955,949,947,942
11.492,968,160,950,951,955,949,947,942
11.502,968,160,951,951,955,949,947,942
11.512,968,160,951,951,955,949,947,943
11.522,968,160,951,951,955,949,947,943
11.532,968,160,951,951,955,949,947,943
11.542,968,160,951,951,955,949,947,943
11.552,968,160,951,951,955,949,947,943
11.562,968,160,951,951,955,949,947,943
11.572,968,160,951,951,955,950,947,943
11.582,968,160,951,951,955,950,947,943
11.593,968,160,951,951,955,950,947,944
11.603,968,160,951,951,955,950,947,944
11.613,968,160,951,951,955,950,947,944
11.623,968,160,951,951,955,950,947,944
11.633,968,160,951,951,955,950,947,944
11.643,968,160,951,952,955,950,947,944
11.653,968,160,952,952,956,950,947,944
11.663,968,160,952,952,956,950,947,944
11.673,968,160,952,952,956,950,947,944
11.683,968,160,952,952,956,950,947,944
11.693,968,160,952,952,956,950,948,944
11.703,968,160,952,952,956,950,947,945
11.713,968,160,952,952,956,950,948,945
11.723,968,160,952,952,956,950,948,945
11.733,968,160,952,952,956,950,948,945
11.743,968,160,952,952,956,950,948,945
11.753,968,160,952,952,956,950,948,945
11.763,968,160,952,952,956,950,948,945
11.773,968,160,952,952,956,951,948,945
11.783,968,160,952,952,956,951,948,945
11.793,968,160,952,952,956,951,948,945
11.803,968,160,952,952,956,951,948,945
11.813,969,160,953,952,956,951,948,946
11.823,968,160,953,952,956,951,948,946
11.833,969,160,953,952,956,951,948,946
11.843,969,160,953,952,956,951,948,946
11.853,969,160,953,952,956,951,948,946
11.863,969,160,953,952,956,951,948,946
11.873,969,160,953,952,956,951,948,946
11.883,969,160,953,952,956,951,948,946
11.893,969,160,953,952,956,951,948,946
11.903,969,160,953,952,957,951,948,946
11.913,969,160,953,952,957,951,948,946
11.923,969,160,953,952,957,951,948,947
11.933,969,160,953,952,957,951,948,947
11.943,969,160,953,952,957,951,948,947
11.953,969,160,953,952,957,951,948,947
11.963,969,160,953,952,957,951,948,947
11.973,969,160,953,952,957,951,948,947
11.983,969,160,953,952,957,951,948,947
11.993,969,160,954,952,957,952,948,947
12.003,969,160,954,953,957,952,949,947
12.013,969,160,954,953,957,952,949,947
12.023,969,160,954,953,957,952,949,947
12.033,969,160,954,953,957,952,948,947
12.043,969,160,954,953,957,952,949,947
12.053,969,160,954,953,957,952,949,947
12.063,969,160,954,953,957,952,949,948
12.073,969,160,954,953,957,952,949,948
12.083,969,160,954,953,957,952,949,948
12.093,969,160,954,953,957,952,949,948
12.103,969,160,954,953,957,952,949,948
12.113,969,160,954,953,957,952,949,948
12.123,969,160,954,953,957,952,949,948
12.133,969,160,954,953,957,952,949,948
12.143,969,160,954,953,957,952,949,948
12.153,969,160,954,953,957,952,949,948
12.163,969,160,954,953,957,952,949,948
12.173,969,160,954,953,957,952,949,948
12.183,969,160,954,953,957,952,949,948
12.193,969,160,955,953,958,952,949,948
12.203,969,160,955,953,958,952,949,948
12.213,969,160,955,953,958,952,949,948
12.223,969,160,955,953,958,952,949,948
12.233,969,160,955,953,958,953,949,948
12.243,969,160,955,953,958,953,949,948
12.253,969,160,955,953,958,953,949,949
12.263,969,160,955,953,958,953,949,948
12.273,969,160,955,953,958,953,949,949
12.283,969,160,955,953,958,953,949,949
12.293,969,160,955,953,958,953,949,949
12.303,969,160,955,953,958,953,949,949
12.313,969,160,955,953,958,953,949,949
12.323,970,160,955,953,958,953,949,949
12.333,969,160,955,953,958,953,949,949
12.343,969,160,955,954,958,953,949,949
12.353,970,160,955,954,958,953,949,949
12.363,969,160,955,954,958,953,949,949
12.373,969,160,955,953,958,953,949,949
12.383,969,160,955,954,958,953,949,949
12.393,970,160,955,953,958,953,949,949
12.403,970,160,955,954,958,953,950,949
12.413,970,160,955,954,958,953,950,949
12.423,970,160,955,954,958,953,950,949
12.433,970,160,955,954,958,953,950,949
12.443,970,160,956,954,958,953,950,949
12.453,970,160,956,954,958,953,950,949
12.463,970,160,956,954,958,953,950,950
12.473,970,160,956,954,958,953,950,949
12.483,970,160,956,954,958,953,950,950
12.493,970,160,956,954,958,953,950,950
12.503,970,160,956,954,958,953,950,950
12.513,970,160,956,954,958,954,950,950
12.523,970,160,956,954,958,954,950,950
12.533,970,160,956,954,958,954,950,950
12.543,970,160,956,954,958,954,950,950
12.554,970,160,956,954,958,954,950,950
12.564,970,160,956,954,958,954,950,950
12.574,970,160,956,954,958,954,950,950
12.584,970,160,956,954,958,954,950,950
12.594,970,160,956,954,958,954,950,950
12.604,970,160,956,954,958,954,950,950
12.614,970,160,956,954,959,954,950,950
12.624,970,160,956,954,959,954,950,950
12.634,970,160,956,954,959,954,950,950
12.644,970,160,956,954,959,954,950,950
12.654,970,160,956,954,959,954,950,950
12.664,970,160,956,954,959,954,950,950
12.674,970,160,956,954,959,954,950,950
12.684,970,160,956,954,959,954,950,950
12.694,970,160,956,954,959,954,950,950
12.704,970,160,956,954,959,954,950,950
12.714,970,160,957,954,959,954,950,950
12.724,970,160,957,954,959,954,950,950
12.734,970,160,957,954,959,954,950,950
12.744,970,160,957,954,959,954,950,951
12.754,970,160,957,954,959,954,950,951
12.764,970,160,957,954,959,954,950,951
12.774,970,160,957,954,959,954,950,951
12.784,970,160,957,954,959,954,950,951
12.794,970,160,957,954,959,955,950,951
12.804,970,160,957,954,959,955,950,951
12.814,970,160,957,954,959,954,950,951
12.824,970,160,957,954,959,955,950,951
12.834,970,160,957,954,959,955,950,951
12.844,970,160,957,954,959,955,950,951
12.854,970,160,957,954,959,955,950,951
12.864,970,160,957,954,959,955,950,951
12.874,970,160,957,955,959,955,950,951
12.884,970,160,957,954,959,955,950,951
12.894,970,160,957,955,959,955,950,951
12.904,970,160,957,955,959,955,950,951
12.914,970,160,957,954,959,955,950,951
12.924,970,160,957,955,959,955,950,951
12.934,970,160,957,954,959,955,950,951
12.944,970,160,957,955,959,955,950,951
12.954,970,160,957,954,959,955,950,951
12.964,970,160,957,955,959,955,951,951
12.974,970,160,957,955,959,955,951,951
12.984,970,160,957,955,959,955,951,951
12.994,970,160,957,955,959,955,951,951
13.004,970,160,957,955,959,955,951,951
13.014,970,160,957,955,959,955,951,951
13.024,970,160,957,955,959,955,951,951
13.034,970,160,957,955,959,955,951,951
13.044,970,160,957,955,959,955,951,951
13.054,970,160,957,955,959,955,951,951
13.064,970,160,957,955,959,955,951,951
13.074,970,160,958,955,959,955,951,951
13.084,970,160,958,955,959,955,951,951
13.094,970,160,958,955,959,955,951,951
13.104,970,160,958,955,959,955,951,951
13.114,970,160,958,955,959,955,951,951
13.124,970,160,958,955,959,955,951,951
13.134,970,160,958,955,959,955,951,951
13.144,970,160,958,955,959,955,951,951
13.154,970,160,958,955,959,955,951,951
13.164,970,160,958,955,959,955,951,951
13.174,970,160,958,955,959,955,951,951
13.184,970,160,958,955,959,955,951,951
13.194,970,160,958,955,959,956,951,951
13.204,970,160,958,955,959,955,951,951
13.214,970,160,958,955,959,956,951,951
13.224,970,160,958,955,959,956,951,951
13.234,970,160,958,955,959,956,951,951
13.244,970,160,958,955,959,956,951,951
13.254,970,160,958,955,959,956,951,951
13.264,970,160,958,955,959,956,951,951
13.274,970,160,958,955,959,956,951,951
13.284,970,160,958,955,959,956,951,951
13.294,970,160,958,955,959,956,951,951
13.304,970,160,958,955,959,956,951,951
13.314,970,160,958,955,959,956,951,951
13.324,970,160,958,955,959,956,951,951
13.334,970,160,958,955,959,956,951,951
13.344,970,160,958,955,960,956,951,951
13.354,970,160,958,955,960,956,951,951
13.364,970,160,958,955,960,956,951,951
13.374,970,160,958,955,959,956,951,951
13.384,970,160,958,955,960,956,951,951
13.394,970,160,958,955,959,956,951,951
13.404,970,160,958,955,960,956,951,951
13.414,970,160,958,955,960,956,951,951
13.424,970,160,958,955,960,956,951,951
13.434,970,160,958,955,960,956,951,951
13.444,970,160,958,955,960,956,951,951
13.454,970,160,958,955,960,956,951,951
13.464,970,159,958,955,960,956,951,951
13.474,970,160,958,955,960,956,951,951
13.484,970,160,958,955,960,956,951,951
13.494,970,160,958,955,960,956,951,951
13.504,970,160,959,955,960,956,951,951
13.514,970,160,959,955,960,956,951,951
13.525,970,160,959,955,960,956,951,951
13.535,970,160,959,955,960,956,951,951
13.545,970,160,958,955,960,956,951,951
13.555,970,160,959,955,960,956,951,951
13.565,970,160,958,955,960,956,951,951
13.575,971,160,959,955,960,956,951,951
13.585,970,160,959,955,960,956,951,951
13.595,970,160,959,955,960,956,951,951
13.605,970,160,959,955,960,956,951,951
13.615,970,160,959,955,960,956,951,951
13.625,971,159,959,955,960,956,951,951
13.635,971,160,959,955,960,956,951,951
13.645,970,160,959,955,960,956,951,951
13.655,970,160,959,955,960,956,951,951
13.665,970,160,959,955,960,957,951,951
13.675,971,160,959,955,960,957,951,951
13.685,971,160,959,955,960,957,951,951
13.695,971,160,959,955,960,957,951,951
13.705,970,160,959,955,960,957,951,951
13.715,970,160,959,955,960,957,951,951
13.725,970,160,959,955,960,957,951,951
13.735,970,160,959,955,960,957,951,951
13.745,971,160,959,955,960,957,951,951
13.755,970,160,959,955,960,957,951,951
13.765,971,160,959,955,960,957,951,951
13.775,971,160,959,955,960,957,951,951
13.785,971,160,959,955,960,957,951,951
13.795,971,160,959,955,960,957,952,951
13.805,971,160,959,955,960,957,951,951
13.815,971,160,959,955,960,957,951,951
13.825,971,160,959,955,960,957,951,951
13.835,971,159,959,955,960,957,951,951
13.845,971,160,959,955,960,957,951,951
13.855,971,160,959,955,960,957,951,951
13.865,971,160,959,955,960,957,952,951
13.875,971,160,959,955,960,957,951,951
13.885,971,160,959,955,960,957,952,951
13.895,970,160,959,955,960,957,952,951
13.905,971,160,959,955,960,957,952,951
13.915,971,160,959,955,960,957,952,951
13.925,971,160,959,955,960,957,952,951
13.935,971,160,959,956,960,957,952,951
13.945,971,160,959,955,960,957,952,951
13.955,971,160,959,956,960,957,952,951
13.965,971,160,959,956,960,957,952,951
13.975,971,160,959,956,960,957,952,951
13.985,971,160,959,956,960,957,952,951
13.995,971,160,959,956,960,957,952,951
14.005,971,160,959,956,960,957,952,951
14.015,971,160,959,956,960,957,952,951
14.025,971,160,959,956,960,957,952,951
14.035,971,159,959,956,960,957,952,951
14.045,971,160,959,956,960,957,952,951
14.055,971,160,959,956,960,957,952,951
14.065,971,160,959,956,960,957,952,951
14.075,971,160,959,956,960,957,952,951
14.085,971,160,959,956,960,957,952,951
14.095,971,160,959,956,960,957,952,951
14.105,971,160,959,956,960,957,952,951
14.115,971,160,959,956,960,957,952,951
14.125,971,160,960,956,960,957,952,951
14.135,971,160,959,956,960,957,952,951
14.145,971,160,959,956,960,957,952,951
14.155,971,160,960,956,960,957,952,951
14.165,971,160,959,956,960,957,952,951
14.175,971,160,960,956,960,957,952,951
14.185,971,160,959,956,960,957,952,951
14.195,971,160,960,956,960,957,952,950
14.205,971,160,960,956,960,957,952,950
14.215,971,160,960,956,960,957,952,950
14.225,971,160,960,956,960,957,952,950
14.235,971,160,960,956,960,957,952,951
14.245,971,160,960,956,960,957,952,950
14.255,971,160,960,956,960,957,952,951
14.265,971,160,960,956,960,957,952,950
14.275,971,160,960,956,960,957,952,950
14.285,971,160,960,956,960,957,952,950
14.295,971,160,960,956,960,957,952,950
14.305,971,160,960,956,960,957,952,950
14.315,971,160,960,956,960,957,952,950
14.325,971,160,960,956,960,957,952,950
14.335,971,160,960,956,960,957,952,950
14.345,971,160,960,956,960,957,952,950
14.355,971,160,960,956,960,957,952,950
14.365,971,160,960,956,960,957,952,950
14.375,971,160,960,956,960,957,952,950
14.385,971,160,960,956,960,957,952,950
14.395,971,160,960,956,960,957,952,950
14.405,971,160,960,956,960,958,952,950
14.415,971,160,960,956,960,958,952,950
14.425,971,160,960,956,960,958,952,950
14.435,971,160,960,956,960,958,952,950
14.445,971,160,960,956,960,958,952,950
14.455,971,160,960,956,960,958,952,950
14.465,971,160,960,956,960,958,952,950
14.476,971,160,960,956,960,958,952,950
14.486,971,160,960,956,960,958,952,950
14.496,971,160,960,956,960,958,952,950
14.506,971,160,960,956,960,958,952,950
14.516,971,160,960,956,960,958,952,950
14.526,971,160,960,956,960,958,952,950
14.536,971,160,960,956,960,958,952,950
14.546,971,160,960,956,960,958,952,950
14.556,971,160,960,956,961,958,952,950
14.566,971,160,960,956,960,958,952,950
14.576,971,160,960,956,961,958,952,950
14.586,971,160,960,956,961,958,952,950
14.596,971,160,960,956,960,958,952,950
14.606,971,160,960,956,961,958,952,950
14.616,971,160,960,956,960,958,952,950
14.626,971,160,960,956,960,958,952,950
14.636,971,160,960,956,961,958,952,950
14.646,971,160,960,956,961,958,952,950
14.656,971,160,960,956,961,958,952,950
14.666,971,160,960,956,961,958,952,950
14.676,971,160,960,956,961,958,952,950
14.686,971,160,960,956,961,958,952,950
14.696,971,160,960,956,961,958,952,950
14.706,971,160,960,956,961,958,952,950
14.716,971,160,960,956,961,958,952,950
14.726,971,160,960,956,961,958,952,950
14.736,971,160,960,956,961,958,952,950
14.746,971,160,960,956,961,958,952,949
14.756,971,160,960,956,961,958,952,950
14.766,971,160,960,956,961,958,952,950
14.776,971,160,960,956,961,958,952,949
14.786,971,160,960,956,961,958,952,949
14.796,971,160,960,956,961,958,952,949
14.806,971,160,960,956,961,958,952,949
14.816,971,160,960,956,961,958,952,949
14.826,971,160,960,956,961,958,952,949
14.836,971,160,960,956,961,958,952,949
14.846,971,160,960,956,961,958,952,949
14.856,971,160,960,956,961,958,952,949
14.866,971,160,960,956,961,958,952,949
14.876,971,160,960,956,961,958,952,949
14.886,971,160,960,956,961,958,952,949
14.896,971,160,960,956,961,958,952,949
14.906,971,160,960,956,961,958,952,949
14.916,971,160,960,956,961,958,952,949
14.926,971,160,960,956,961,958,952,949
14.936,971,160,960,956,961,958,952,949
14.946,971,160,960,956,961,958,952,949
14.956,971,160,960,956,961,958,952,949
14.966,971,160,960,956,961,958,952,949
14.976,971,160,960,956,961,958,952,949
14.986,971,160,960,956,961,958,952,949
14.996,971,160,960,956,961,958,952,949
15.006,971,160,960,956,961,958,952,949
15.016,971,160,960,956,961,958,952,949
15.026,971,160,960,956,961,958,952,949
15.036,971,160,960,956,961,958,952,949
15.046,971,160,960,956,961,958,952,949
15.056,971,160,960,956,961,958,952,949
15.066,971,160,960,956,961,958,952,949
15.076,971,160,960,956,961,958,952,949
15.086,971,160,960,956,961,958,952,949
15.096,971,160,960,956,961,958,952,949
15.106,971,160,960,956,961,958,952,949
15.116,971,160,960,956,961,958,952,948
15.126,971,160,960,956,961,958,952,948
15.136,971,160,960,956,961,958,952,948
15.146,971,160,960,956,961,958,952,948
15.156,971,160,960,956,961,958,952,948
15.166,971,160,960,956,961,958,952,948
15.176,971,160,960,956,961,958,952,948
15.186,971,160,960,956,961,958,952,948
15.196,971,160,960,956,961,958,952,948
15.206,971,160,960,956,961,958,952,948
15.216,971,160,960,956,961,958,952,948
15.226,971,160,960,956,961,958,952,948
15.236,971,160,960,956,961,958,952,948
15.246,971,160,960,956,961,958,952,948
15.256,971,160,960,956,961,958,952,948
15.266,971,160,960,956,961,958,952,948
15.276,971,160,960,956,961,958,952,948
15.286,971,160,960,956,961,958,952,948
15.296,971,160,960,956,961,958,952,948
15.306,971,160,960,956,961,958,952,948
15.316,971,160,960,956,961,958,952,948
15.326,971,160,960,956,961,958,952,948
15.336,971,160,961,956,961,958,952,948
15.346,971,160,961,956,961,958,952,948
15.356,971,160,960,956,961,958,952,948
15.366,971,160,961,956,961,958,952,948
15.376,971,160,961,956,961,958,952,947
15.386,971,160,961,956,961,958,952,947
15.396,971,160,961,956,961,958,952,947
15.406,971,160,961,956,961,958,952,947
15.416,971,160,961,956,961,958,952,947
15.426,971,160,961,956,961,958,952,947
15.437,971,160,961,956,961,958,952,947
15.447,971,160,961,956,961,958,952,947
15.457,971,160,961,956,961,958,952,947
15.467,971,160,961,956,961,958,952,947
15.477,971,160,961,956,961,958,952,947
15.487,971,160,961,956,961,958,952,947
15.497,971,160,961,956,961,958,952,947
15.507,971,160,961,956,961,958,952,947
15.517,971,160,961,956,961,958,953,947
15.527,971,160,961,956,961,958,952,947
15.537,971,160,961,956,961,958,952,947
15.547,971,160,961,956,961,958,953,947
15.557,971,160,961,956,961,958,952,947
15.567,971,160,961,956,961,958,953,947
15.577,971,160,961,956,961,958,952,947
15.587,971,160,961,956,961,958,953,947
15.597,971,160,961,956,961,958,953,947
15.607,971,160,961,956,961,958,952,947
15.617,971,160,961,956,961,958,953,947
15.627,971,160,961,956,961,958,952,947
15.637,971,160,961,956,961,958,953,947
15.647,971,160,961,956,961,958,953,947
15.657,971,160,961,956,961,958,953,947
15.667,971,160,961,956,961,958,953,947
15.677,971,160,961,956,961,958,953,947
15.687,971,160,961,956,961,958,953,947
15.697,971,160,961,956,961,958,953,947
15.707,971,160,961,956,961,958,953,947
15.717,971,160,961,956,961,958,953,947
15.727,971,160,961,956,961,958,953,947
15.737,971,160,961,956,961,958,953,946
15.747,971,160,961,956,961,958,953,946
15.757,971,160,961,956,961,958,953,946
15.767,971,160,961,956,961,958,953,946
15.777,971,160,961,956,961,959,953,946
15.787,971,160,961,956,961,958,952,946
15.797,971,160,961,956,961,958,953,946
15.807,971,160,961,956,961,958,953,946
15.817,971,160,961,956,961,958,953,946
15.827,971,160,961,956,961,958,953,946
15.837,971,160,961,956,961,959,953,946
15.847,971,160,961,956,961,959,953,946
15.857,971,160,961,956,961,958,953,946
15.867,971,160,961,956,961,959,953,946
15.877,971,160,961,956,961,958,953,946
15.887,971,160,961,956,961,959,953,946
15.897,971,160,961,956,961,959,953,946
15.907,971,160,961,956,961,959,953,946
15.917,971,160,961,956,961,959,953,946
15.927,971,160,961,956,961,959,953,946
15.937,971,160,961,956,961,959,953,946
15.947,971,160,961,956,961,959,953,946
15.957,971,160,961,956,961,959,953,946
15.967,971,160,961,956,961,959,953,945
15.977,971,160,961,956,961,958,953,945
15.987,971,160,961,956,961,959,953,945
15.997,971,160,961,956,961,958,953,945
16.007,971,160,961,956,961,959,953,945
16.017,971,160,961,956,961,959,953,945
16.027,971,160,961,956,961,959,953,945
16.037,971,160,961,956,961,959,953,945
16.047,971,160,961,956,961,959,953,945
16.057,971,160,961,956,961,959,953,945
16.067,971,160,961,956,961,959,953,945
16.077,971,160,961,956,961,959,953,945
16.087,971,160,961,956,961,959,953,945
16.097,971,160,961,956,961,959,953,945
16.107,971,160,961,956,961,959,953,945
16.117,971,160,961,956,961,959,953,945
16.127,971,160,961,956,961,959,953,945
16.137,971,160,961,956,961,959,953,945
16.147,971,160,961,956,961,959,953,945
16.157,971,160,961,956,961,959,953,945
16.167,971,160,961,957,961,959,953,945
16.177,971,160,961,956,961,959,953,945
16.187,971,160,961,956,961,959,953,945
16.197,971,160,961,956,961,959,953,945
16.207,971,160,961,956,961,959,953,945
16.217,971,160,961,956,961,959,953,944
16.227,971,160,961,956,961,959,953,944
16.237,971,160,961,957,961,959,953,944
16.247,971,160,961,956,961,959,953,944
16.257,971,160,961,957,961,959,953,944
16.267,971,160,961,957,961,959,953,944
16.277,971,160,961,957,961,959,953,944
16.287,971,160,961,956,961,959,953,944
16.297,971,160,961,957,961,959,953,944
16.307,971,160,961,956,961,959,953,944
16.317,971,160,961,957,961,959,953,944
16.327,971,160,961,957,961,959,953,944
16.337,971,160,961,957,961,959,953,944
16.347,971,160,961,957,961,959,953,944
16.357,971,160,961,957,961,959,953,944
16.367,971,160,961,957,961,959,953,944
16.377,971,160,961,957,961,959,953,944
16.387,971,160,961,957,961,959,953,944
16.397,971,160,961,957,961,959,953,944
16.408,971,160,961,957,961,959,953,944
16.418,971,160,961,957,961,959,953,944
16.428,971,160,961,957,961,959,953,944
16.438,971,160,961,957,961,959,953,944
16.448,971,160,961,957,961,959,953,944
16.458,971,160,961,957,961,959,953,944
16.468,971,160,961,957,961,959,953,944
16.478,971,160,961,957,961,959,953,943
16.488,971,160,961,957,961,959,953,943
16.498,971,160,961,957,961,959,953,943
16.508,971,160,961,957,961,959,953,943
16.518,971,160,961,957,961,959,953,943
16.528,971,160,961,957,961,959,953,943
16.538,971,160,961,957,961,959,953,943
16.548,971,160,961,957,961,959,953,943
16.558,971,160,961,957,961,959,953,943
16.568,971,160,961,957,961,959,953,943
16.578,971,160,961,957,961,959,953,943
16.588,971,160,961,957,961,959,953,943
16.598,971,160,961,957,961,959,953,943
16.608,971,160,961,957,961,959,953,943
16.618,971,160,961,957,961,959,953,943
16.628,971,160,961,957,961,959,953,943
16.638,971,160,961,957,961,959,953,943
16.648,971,160,961,957,961,959,953,943
16.658,971,160,961,957,961,959,953,943
16.668,971,160,961,957,961,959,953,943
16.678,971,160,961,957,961,959,953,943
16.688,971,160,961,957,961,959,953,943
16.698,971,160,961,957,961,959,953,942
16.708,971,160,961,957,961,959,953,942
16.718,971,160,961,957,961,959,953,942
16.728,971,160,961,957,961,959,953,942
16.738,971,160,961,957,961,959,953,942
16.748,971,160,961,957,961,959,953,942
16.758,971,160,961,957,961,959,953,942
16.768,971,160,961,957,961,959,953,942
16.778,971,160,961,957,961,959,953,942
16.788,971,160,961,957,961,959,953,942
16.798,971,160,961,957,961,959,953,942
16.808,971,160,961,957,961,959,953,942
16.818,971,160,961,957,961,959,953,942
16.828,971,160,961,957,961,959,953,942
16.838,971,160,961,957,961,959,953,942
16.848,971,160,961,957,961,959,953,942
16.858,971,160,961,957,961,959,953,942
16.868,971,160,961,957,961,959,953,942
16.878,971,160,961,957,961,959,953,942
16.888,971,160,961,957,961,959,953,942
16.898,971,160,961,957,961,959,953,942
16.908,971,160,961,957,961,959,953,941
16.918,971,160,961,957,961,959,953,941
16.928,971,160,961,957,961,959,953,941
16.938,971,160,961,957,961,959,953,941
16.948,971,160,961,957,961,959,953,941
16.958,971,160,961,957,961,959,953,941
16.968,971,160,961,957,961,959,953,941
16.978,971,160,961,957,961,959,953,941
16.988,971,160,961,957,961,959,953,941
16.998,971,160,961,957,961,959,953,941
17.008,971,160,961,957,961,959,953,941
17.018,971,160,961,957,961,959,953,941
17.028,971,160,961,957,961,959,953,941
17.038,971,160,961,957,961,959,953,941
17.048,971,160,961,957,961,959,953,941
17.058,971,160,961,957,961,959,953,941
17.068,971,160,961,957,961,959,953,941
17.078,971,160,961,957,961,959,953,941
17.088,971,160,961,957,961,959,953,941
17.098,971,160,961,957,961,959,953,941
17.108,971,160,961,957,961,959,953,941
17.118,971,160,961,957,961,959,953,941
17.128,971,160,961,957,961,959,953,941
17.138,971,160,961,957,961,959,953,941
17.148,971,160,961,957,961,959,953,940
17.158,971,160,961,957,961,959,953,940
17.168,971,160,961,957,961,959,953,940
17.178,971,160,961,957,961,959,953,940
17.188,971,160,961,957,961,959,953,940
17.198,971,160,961,957,961,959,953,940
17.208,971,160,961,957,961,959,953,940
17.218,971,160,961,957,961,959,953,940
17.228,971,160,961,957,961,959,953,940
17.238,971,160,961,957,961,959,953,940
17.248,971,160,961,957,961,959,953,940
17.258,971,160,961,957,961,959,953,940
17.268,971,160,961,957,961,959,953,940
17.278,971,160,961,957,961,959,953,940
17.288,971,160,961,957,961,959,953,940
17.298,971,160,961,957,961,959,953,940
17.308,971,160,961,957,961,959,953,940
17.318,971,160,961,957,961,959,953,940
17.328,971,160,961,957,961,959,953,940
17.338,971,160,961,957,961,959,953,940
17.348,971,160,961,957,962,959,953,940
17.358,971,160,961,957,961,959,953,940
17.368,971,160,961,957,962,959,953,940
17.378,971,160,961,957,961,959,953,940
17.388,971,160,961,957,962,959,953,940
17.398,971,160,961,957,961,959,953,940
17.408,971,160,961,957,961,959,953,940
17.419,971,160,961,957,962,959,953,939
17.429,971,160,961,957,961,959,953,939
17.439,971,160,961,957,961,959,953,939
17.449,971,160,961,957,961,959,953,939
17.459,971,160,961,957,961,959,953,939
17.469,971,160,961,957,962,959,953,939
17.479,971,160,961,957,961,959,953,939
17.489,971,160,961,957,962,959,953,939
17.499,971,160,961,957,961,959,953,939
17.509,971,160,961,957,962,959,953,939
17.519,971,160,961,957,962,959,953,939
17.529,971,160,961,957,962,959,953,939
17.539,971,160,961,957,962,959,953,939
17.549,971,160,961,957,962,959,953,939
17.559,971,160,961,957,962,959,953,939
17.569,971,160,961,957,962,959,953,939
17.579,971,160,961,957,962,959,953,939
17.589,971,160,961,957,962,959,953,938
17.599,971,160,961,957,962,959,953,938
17.609,971,160,961,957,962,959,953,938
17.619,971,160,961,957,962,959,953,938
17.629,971,160,961,957,962,959,953,938
17.639,971,160,961,957,962,959,953,938
17.649,971,160,961,957,962,959,953,938
17.659,971,160,961,957,962,959,953,938
17.669,971,160,961,957,962,959,953,938
17.679,971,160,961,957,961,959,953,938
17.689,971,160,961,957,962,959,953,938
17.699,971,160,961,957,962,959,953,938
17.709,971,160,961,957,962,959,953,938
17.719,971,160,961,957,962,959,953,938
17.729,971,160,961,957,962,959,953,938
17.739,971,160,961,957,962,959,953,938
17.749,971,160,961,957,962,959,953,938
17.759,971,160,961,957,962,959,953,938
17.769,971,160,961,957,962,959,953,938
17.779,971,160,961,957,962,959,953,938
17.789,971,160,961,957,962,959,953,938
17.799,971,160,961,957,962,959,953,938
17.809,971,160,961,957,962,959,953,938
17.819,971,160,961,957,962,959,953,938
17.829,971,160,961,957,962,959,953,938
17.839,971,160,961,957,962,959,953,937
17.849,971,160,961,957,962,959,953,937
17.859,971,160,961,957,962,959,953,937
17.869,971,160,961,957,962,959,953,937
17.879,971,160,961,957,962,959,953,937
17.889,971,160,961,957,962,959,953,937
17.899,971,160,961,957,962,959,953,937
17.909,971,160,961,957,962,959,953,937
17.919,971,160,961,957,962,959,953,937
17.929,971,160,961,957,962,959,953,937
17.939,971,160,961,957,962,959,953,937
17.949,971,160,961,957,962,959,953,937
17.959,971,160,961,957,962,959,953,937
17.969,971,160,960,957,962,959,953,937
17.979,971,160,960,957,962,959,953,937
17.989,971,160,960,957,962,959,953,937
17.999,971,160,960,957,962,959,953,937
18.009,971,160,960,957,962,959,953,937
18.019,971,160,961,957,962,959,953,936
18.029,971,160,960,957,962,959,953,936
18.039,971,160,960,957,962,959,953,936
18.049,971,160,960,957,962,959,953,936
18.059,971,160,960,957,962,959,953,936
18.069,971,160,960,957,962,959,953,936
18.079,971,160,960,957,962,959,953,936
18.089,971,160,960,957,962,959,953,936
18.099,971,160,960,957,962,959,953,936
18.109,971,160,960,957,962,959,953,936
18.119,971,160,960,957,962,959,953,936
18.129,971,160,960,957,962,959,953,936
18.139,971,160,960,957,962,959,953,936
18.149,971,160,960,957,962,959,953,936
18.159,971,160,960,957,962,959,953,936
18.169,971,160,960,957,962,959,953,936
18.179,971,160,960,957,962,959,953,936
18.189,971,160,960,957,962,959,953,936
18.199,971,160,960,957,961,959,953,936
18.209,971,160,960,957,962,959,953,936
18.219,971,160,960,957,962,959,953,936
18.229,971,160,960,957,962,959,953,936
18.239,971,160,960,957,962,959,953,936
18.249,971,160,960,957,962,959,953,936
18.259,971,160,960,957,962,959,953,936
18.269,971,160,960,957,962,959,953,936
18.279,971,160,960,957,962,959,953,936
18.289,971,160,960,957,962,959,953,936
18.299,971,160,960,957,962,959,953,936
18.309,971,160,960,957,962,959,953,935
18.319,971,160,960,957,962,959,953,935
18.329,971,160,960,957,962,959,953,935
18.339,971,160,960,957,962,959,953,935
18.349,971,160,960,957,962,959,953,935
18.359,971,160,960,957,962,959,953,935
18.369,971,160,960,957,962,959,953,935
18.379,971,160,960,957,962,959,953,935
18.389,971,160,960,957,962,959,953,935
18.399,971,160,960,957,962,959,953,935
18.409,971,160,960,957,962,959,953,935
18.42,971,160,960,957,962,959,953,935
18.43,971,160,960,957,962,959,953,935
18.44,971,160,960,957,962,959,953,935
18.45,971,160,960,957,962,959,953,935
18.46,971,160,960,957,962,959,953,935
18.47,971,160,960,957,962,959,953,935
18.48,971,160,960,957,962,959,953,934
18.49,971,160,960,957,962,959,953,934
18.5,971,160,960,957,962,959,953,934
18.51,971,160,960,957,962,959,953,934
18.52,971,160,960,957,962,959,953,934
18.53,971,160,960,957,962,959,953,934
18.54,971,160,960,957,962,959,953,934
18.55,971,160,960,957,962,959,953,934
18.56,971,160,960,957,962,959,953,934
18.57,971,160,960,957,962,959,953,934
18.58,971,160,960,957,962,959,953,934
18.59,971,160,960,957,962,959,953,934
18.6,971,160,960,957,962,959,953,934
18.61,971,160,960,957,962,959,953,934
18.62,971,160,960,957,962,959,953,934
18.63,971,160,960,957,962,959,953,934
18.64,971,160,960,957,962,959,953,933
18.65,971,160,960,957,962,959,953,933
18.66,971,160,960,957,962,959,953,933
18.67,971,160,960,957,962,959,953,933
18.68,971,160,960,957,962,959,953,933
18.69,971,160,960,957,962,959,953,933
18.7,971,160,960,957,962,959,953,933
18.71,971,160,960,957,962,959,953,933
18.72,971,160,960,957,962,959,953,933
18.73,971,160,960,957,962,959,953,933
18.74,971,160,960,957,962,959,953,933
18.75,971,160,960,957,962,959,953,933
18.76,971,160,960,957,962,959,953,933
18.77,971,160,960,957,962,959,953,933
18.78,971,160,960,957,962,959,953,933
18.79,971,160,960,957,962,959,953,933
18.8,971,160,960,957,962,959,953,933
18.81,971,160,960,957,962,959,953,933
18.82,971,160,960,957,962,959,953,932
18.83,971,160,960,957,962,959,953,932
18.84,971,160,960,957,962,959,953,932
18.85,971,160,960,957,962,959,953,932
18.86,971,160,960,957,962,959,953,932
18.87,971,160,960,957,962,959,953,932
18.88,971,160,960,957,962,959,953,932
18.89,971,160,960,957,962,959,953,932
18.9,970,160,960,957,962,959,953,932
18.91,970,160,960,957,962,959,953,932
18.92,971,160,960,957,962,959,953,932
18.93,971,160,960,957,962,959,953,932
18.94,970,160,960,957,962,959,953,932
18.95,971,160,960,957,962,959,953,932
18.96,970,160,960,957,962,959,953,932
18.97,971,160,960,957,962,959,953,932
18.98,970,160,960,957,962,959,953,932
18.99,971,160,960,957,962,959,953,932
19,971,160,960,957,962,959,953,932
19.01,971,160,960,957,962,959,953,932
19.02,970,160,960,957,962,959,953,932
19.03,971,160,960,957,962,959,953,932
19.04,971,160,960,957,962,959,953,932
19.05,971,160,960,957,962,959,953,932
19.06,970,160,960,957,962,959,953,931
19.07,970,160,960,957,962,959,953,931
19.08,971,160,960,957,962,959,953,931
19.09,970,160,960,957,962,959,953,931
19.1,970,160,960,957,962,959,953,931
19.11,970,160,960,957,962,959,953,931
19.12,970,160,960,957,962,959,953,931
19.13,970,160,960,957,962,959,953,931
19.14,970,160,960,957,962,959,953,931
19.15,970,160,960,957,962,959,953,931
19.16,970,160,960,957,962,959,953,931
19.17,970,160,960,957,962,959,953,931
19.18,970,160,960,957,962,959,953,931
19.19,970,160,960,957,962,959,953,931
19.2,970,160,960,957,962,959,953,931
19.21,970,160,960,957,962,959,953,931
19.22,970,160,960,957,962,959,953,931
19.23,970,160,959,957,962,959,953,931
19.24,970,160,960,957,962,959,953,930
19.25,970,160,959,957,962,959,953,930
19.26,970,160,960,957,962,959,953,930
19.27,970,160,959,957,962,959,953,930
19.28,971,160,960,957,962,959,953,930
19.29,970,160,959,957,962,959,953,930
19.3,970,160,959,957,962,959,953,930
19.31,970,160,959,957,962,959,953,930
19.32,970,160,959,957,962,959,953,930
19.33,970,160,959,957,962,959,953,930
19.34,970,160,959,957,962,959,953,930
19.35,970,160,959,957,962,959,953,930
19.36,970,160,959,957,962,959,953,930
19.37,970,160,959,957,962,959,953,930
19.38,970,160,959,957,962,959,953,930
19.39,970,160,959,957,962,959,953,930
19.4,970,160,959,957,962,959,953,930
19.41,970,160,959,957,962,959,953,930
19.421,970,160,959,957,962,959,953,930
19.431,970,160,959,957,962,959,953,930
19.441,970,160,959,957,962,959,953,930
19.451,970,160,959,957,962,959,953,929
19.461,970,160,959,957,962,959,953,929
19.471,970,160,959,957,962,959,953,929
19.481,970,160,959,957,962,959,953,929
19.491,970,160,959,957,962,959,953,929
19.501,970,160,959,957,962,959,953,929
19.511,970,160,959,957,962,959,953,929
19.521,970,160,959,957,962,959,953,929
19.531,970,160,959,957,962,959,953,929
19.541,970,160,959,957,962,959,953,929
19.551,970,160,959,957,962,959,953,929
19.561,970,160,959,957,962,959,952,929
19.571,970,160,959,957,962,959,953,929
19.581,970,160,959,957,962,959,952,929
19.591,970,160,959,957,962,959,953,929
19.601,970,160,959,957,962,959,952,929
19.611,970,160,959,957,962,959,953,929
19.621,970,160,959,957,962,959,953,929
19.631,970,160,959,957,962,959,953,929
19.641,970,160,959,957,962,959,953,929
19.651,970,160,959,957,962,959,953,928
19.661,970,160,959,957,962,959,953,928
19.671,970,160,959,957,962,959,953,928
19.681,970,160,959,957,962,959,953,928
19.691,970,160,959,957,962,959,953,928
19.701,970,160,959,957,962,959,953,928
19.711,970,160,959,957,962,959,953,928
19.721,970,160,959,957,962,959,953,928
19.731,970,160,959,957,962,959,953,928
19.741,970,160,959,957,962,959,952,928
19.751,970,160,959,957,962,959,953,928
19.761,970,160,959,957,962,959,953,928
19.771,970,160,959,957,962,959,953,928
19.781,970,160,959,957,962,959,953,928
19.791,970,160,959,957,962,959,952,928
19.801,970,160,959,957,962,959,953,928
19.811,970,160,959,957,962,959,952,928
19.821,970,160,959,957,962,959,953,928
19.831,970,160,959,957,962,959,952,928
19.841,970,160,959,957,962,959,953,928
19.851,970,160,959,957,962,959,953,927
19.861,970,160,959,957,962,959,953,927
19.871,970,160,959,957,962,959,953,927
19.881,970,160,959,957,962,959,953,927
19.891,970,160,959,957,962,959,953,927
19.901,970,160,959,957,962,959,953,927
19.911,970,160,959,957,962,959,953,927
19.921,970,160,959,957,962,959,953,927
19.931,970,160,959,957,962,959,953,927
19.941,970,160,959,957,962,959,953,927
19.951,970,160,959,957,962,959,952,927
19.961,970,160,959,957,962,959,953,927
19.971,970,160,959,957,962,959,952,927
19.981,970,160,959,957,962,959,953,927
19.991,970,160,959,957,962,959,952,927
20.001,970,160,959,957,962,959,952,927
20.011,970,160,959,957,962,959,952,927
20.021,970,160,959,957,962,959,952,927
20.031,970,160,959,957,962,959,952,927
